"","join_var","booking_charge_level","booking_charge_code","booking_charge"
"1","M_PC_647F","M","PC","647F"
"2","M_PC_484A","M","PC","484A"
"3","F_PC_470A","F","PC","470A"
"4","M_PC_148A","M","PC","148A"
"5","F_PC_594B1","F","PC","594B1"
"6","M_PC_2432A1","M","PC","2432A1"
"7","F_PC_496DA","F","PC","496DA"
"8","F_PC_594A1","F","PC","594A1"
"9","F_PC_25400A3","F","PC","25400A3"
"10","F_PC_182A4","F","PC","182A4"
"11","M_PC_2433","M","PC","2433"
"12","F_PC_22810A","F","PC","22810A"
"13","F_HS_11352A","F","HS","11352A"
"14","M_PC_166A4","M","PC","166A4"
"15","F_PC_6665A","F","PC","6665A"
"16","M_PC_242","M","PC","242"
"17","M_PC_417A1","M","PC","417A1"
"18","F_VC_10851A","F","VC","10851A"
"19","M_PC_148A1","M","PC","148A1"
"20","F_PC_4872","F","PC","4872"
"21","F_PC_496A","F","PC","496A"
"22","M_PC_487F","M","PC","487F"
"23","M_PC_484","M","PC","484"
"24","F_HS_113701A","F","HS","113701A"
"25","F_HS_11378","F","HS","11378"
"26","F_PC_459","F","PC","459"
"27","Other_PC_3455","Other","PC","3455"
"28","F_PC_487A","F","PC","487A"
"29","F_PC_496D","F","PC","496D"
"30","F_PC_45735","F","PC","45735"
"31","M_PC_594A2","M","PC","594A2"
"32","M_PC_243B","M","PC","243B"
"33","M_VC_14601A","M","VC","14601A"
"34","M_PC_594A","M","PC","594A"
"35","F_PC_23900","F","PC","23900"
"36","M_PC_166C4","M","PC","166C4"
"37","F_PC_422A","F","PC","422A"
"38","F_PC_25400A1","F","PC","25400A1"
"39","M_HS_11364A","M","HS","11364A"
"40","M_VC_23103A","M","VC","23103A"
"41","M_PC_459","M","PC","459"
"42","F_PC_3455","F","PC","3455"
"43","F_PC_22210","F","PC","22210"
"44","F_PC_211","F","PC","211"
"45","F_PC_32","F","PC","32"
"46","M_HS_11550A","M","HS","11550A"
"47","F_VC_28002A","F","VC","28002A"
"48","F_PC_2735A","F","PC","2735A"
"49","M_PC_422A","M","PC","422A"
"50","F_PC_2735","F","PC","2735"
"51","F_HS_11351","F","HS","11351"
"52","F_PC_470D","F","PC","470D"
"53","F_PC_4595","F","PC","4595"
"54","M_PC_25400A1","M","PC","25400A1"
"55","F_PC_25400A2","F","PC","25400A2"
"56","F_PC_487","F","PC","487"
"57","F_PC_529A","F","PC","529A"
"58","M_VC_23152A","M","VC","23152A"
"59","M_PC_166C1","M","PC","166C1"
"60","M_PC_602L1","M","PC","602L1"
"61","F_VC_10855","F","VC","10855"
"62","F_PC_21810","F","PC","21810"
"63","M_PC_25850A","M","PC","25850A"
"64","F_PC_25400F","F","PC","25400F"
"65","F_HS_11379","F","HS","11379"
"66","F_PC_1551","F","PC","1551"
"67","F_HS_113515","F","HS","113515"
"68","F_PC_368B1","F","PC","368B1"
"69","M_HS_11377A","M","HS","11377A"
"70","M_PC_24335A","M","PC","24335A"
"71","F_VC_23152A","F","VC","23152A"
"72","F_HS_11360A","F","HS","11360A"
"73","F_PC_2125","F","PC","2125"
"74","M_PC_2735A","M","PC","2735A"
"75","F_VC_28002","F","VC","28002"
"76","F_PC_242","F","PC","242"
"77","F_PC_4904A1","F","PC","4904A1"
"78","F_HS_11350A","F","HS","11350A"
"79","M_PC_417A2B","M","PC","417A2B"
"80","F_PC_21310","F","PC","21310"
"81","F_PC_20510","F","PC","20510"
"82","F_PC_498B1","F","PC","498B1"
"83","M_PC_26100A","M","PC","26100A"
"84","F_PC_368B1","F","PC","368B1"
"85","F_PC_594B1","F","PC","594B1"
"86","F_VC_10851A","F","VC","10851A"
"87","M_HS_11364","M","HS","11364"
"88","F_PC_18622B1","F","PC","18622B1"
"89","F_PC_496DA","F","PC","496DA"
"90","M_VC_146012A","M","VC","146012A"
"91","F_VC_28002A","F","VC","28002A"
"92","M_PC_25850A","M","PC","25850A"
"93","F_PC_243D","F","PC","243D"
"94","F_PC_487A","F","PC","487A"
"95","F_PC_594B1","F","PC","594B1"
"96","M_HS_11377A","M","HS","11377A"
"97","F_VC_10851A","F","VC","10851A"
"98","M_PC_647F849B2","M","PC","647F849B2"
"99","F_HS_11359D","F","HS","11359D"
"100","F_HS_11352","F","HS","11352"
"101","M_PC_466","M","PC","466"
"102","F_HS_11379","F","HS","11379"
"103","F_PC_487C","F","PC","487C"
"104","M_PC_1489A","M","PC","1489A"
"105","F_PC_245A1","F","PC","245A1"
"106","M_VC_40508A","M","VC","40508A"
"107","M_HS_11364A","M","HS","11364A"
"108","F_PC_4532A2","F","PC","4532A2"
"109","F_VC_20001B1","F","VC","20001B1"
"110","F_PC_4573","F","PC","4573"
"111","F_PC_21310","F","PC","21310"
"112","F_PC_459","F","PC","459"
"113","F_PC_1320B","F","PC","1320B"
"114","F_PC_245A1","F","PC","245A1"
"115","F_HS_11366","F","HS","11366"
"116","F_PC_454","F","PC","454"
"117","F_VC_66410851A","F","VC","66410851A"
"118","F_VC_10851A","F","VC","10851A"
"119","M_PC_4151","M","PC","4151"
"120","M_PC_4595A","M","PC","4595A"
"121","F_PC_503","F","PC","503"
"122","M_PC_664484A","M","PC","664484A"
"123","F_VC_28002A","F","VC","28002A"
"124","F_HS_11378","F","HS","11378"
"125","F_HS_11352A","F","HS","11352A"
"126","F_PC_5305C3","F","PC","5305C3"
"127","M_PC_369IA","M","PC","369IA"
"128","M_PC_372","M","PC","372"
"129","F_PC_2735A","F","PC","2735A"
"130","F_PC_5305A","F","PC","5305A"
"131","F_HS_11351","F","HS","11351"
"132","M_PC_602M","M","PC","602M"
"133","F_HS_11379A","F","HS","11379A"
"134","F_PC_594A","F","PC","594A"
"135","F_PC_33215","F","PC","33215"
"136","F_PC_496DA","F","PC","496DA"
"137","F_PC_422A","F","PC","422A"
"138","M_VC_146012A","M","VC","146012A"
"139","M_PC_2434","M","PC","2434"
"140","F_PC_3056","F","PC","3056"
"141","F_PC_290011A","F","PC","290011A"
"142","M_PC_243E1","M","PC","243E1"
"143","F_VC_10801","F","VC","10801"
"144","F_PC_594A3","F","PC","594A3"
"145","F_PC_300008","F","PC","300008"
"146","F_PC_25850C6","F","PC","25850C6"
"147","M_PC_242243B","M","PC","242243B"
"148","M_HS_11350A","M","HS","11350A"
"149","M_VC_23247E","M","VC","23247E"
"150","F_PC_245C","F","PC","245C"
"151","F_PC_485","F","PC","485"
"152","M_PC_25400A2","M","PC","25400A2"
"153","F_PC_245A1","F","PC","245A1"
"154","F_PC_25850A","F","PC","25850A"
"155","Other_PC_300008","Other","PC","300008"
"156","F_HS_11375B1","F","HS","11375B1"
"157","F_PC_290012A","F","PC","290012A"
"158","M_PC_25400A3","M","PC","25400A3"
"159","M_PC_4595","M","PC","4595"
"160","M_PC_602","M","PC","602"
"161","F_HS_11377A","F","HS","11377A"
"162","F_PC_243C1","F","PC","243C1"
"163","M_VC_28001A","M","VC","28001A"
"164","F_PC_594A2","F","PC","594A2"
"165","F_PC_21110","F","PC","21110"
"166","M_PC_290011A","M","PC","290011A"
"167","M_PC_452D","M","PC","452D"
"168","F_PC_182A2","F","PC","182A2"
"169","M_PC_2736A","M","PC","2736A"
"170","M_PC_166A1","M","PC","166A1"
"171","F_PC_4904A2","F","PC","4904A2"
"172","F_PC_4573A","F","PC","4573A"
"173","M_VC_23103","M","VC","23103"
"174","M_PC_5977A","M","PC","5977A"
"175","M_VC_23152F","M","VC","23152F"
"176","F_HS_113796A","F","HS","113796A"
"177","F_PC_25400C2","F","PC","25400C2"
"178","F_PC_550A4","F","PC","550A4"
"179","M_PC_243A","M","PC","243A"
"180","F_HS_11351","F","HS","11351"
"181","F_PC_273AA","F","PC","273AA"
"182","M_PC_148A1","M","PC","148A1"
"183","F_PC_215A","F","PC","215A"
"184","I_VC_23154A","I","VC","23154A"
"185","F_PC_368B1","F","PC","368B1"
"186","I_VC_4000A1","I","VC","4000A1"
"187","M_PC_647F849B3","M","PC","647F849B3"
"188","M_PC_496A","M","PC","496A"
"189","M_PC_245A1","M","PC","245A1"
"190","F_PC_496","F","PC","496"
"191","F_PC_6675B","F","PC","6675B"
"192","F_PC_69","F","PC","69"
"193","M_PC_166A4","M","PC","166A4"
"194","F_PC_368D","F","PC","368D"
"195","M_PC_602O","M","PC","602O"
"196","F_PC_30305A1","F","PC","30305A1"
"197","M_PC_4153","M","PC","4153"
"198","M_PC_4152","M","PC","4152"
"199","M_HS_11375B1","M","HS","11375B1"
"200","F_PC_273AA","F","PC","273AA"
"201","F_PC_27545","F","PC","27545"
"202","M_PC_6021A","M","PC","6021A"
"203","F_PC_487B2","F","PC","487B2"
"204","M_PC_3141","M","PC","3141"
"205","F_PC_245A","F","PC","245A"
"206","F_PC_5305C2","F","PC","5305C2"
"207","M_PC_20150A","M","PC","20150A"
"208","M_PC_21510B","M","PC","21510B"
"209","M_PC_1489A","M","PC","1489A"
"210","F_PC_5305A","F","PC","5305A"
"211","F_HS_11360A3D","F","HS","11360A3D"
"212","M_PC_29825B","M","PC","29825B"
"213","M_PC_22810A","M","PC","22810A"
"214","F_PC_29800A1","F","PC","29800A1"
"215","F_PC_246","F","PC","246"
"216","F_HS_11379A","F","HS","11379A"
"217","F_PC_25400C4","F","PC","25400C4"
"218","F_PC_452C","F","PC","452C"
"219","F_PC_484ED","F","PC","484ED"
"220","M_PC_5305E","M","PC","5305E"
"221","M_HS_11550","M","HS","11550"
"222","M_PC_65323A1","M","PC","65323A1"
"223","F_PC_245A4","F","PC","245A4"
"224","F_PC_31360A","F","PC","31360A"
"225","M_PC_594B1","M","PC","594B1"
"226","F_PC_18715A3","F","PC","18715A3"
"227","F_VC_20001B1","F","VC","20001B1"
"228","M_VC_20002A","M","VC","20002A"
"229","F_PC_290","F","PC","290"
"230","M_PC_1715B","M","PC","1715B"
"231","M_PC_498B4","M","PC","498B4"
"232","M_PC_242","M","PC","242"
"233","F_PC_496DA","F","PC","496DA"
"234","F_PC_30305A1","F","PC","30305A1"
"235","F_PC_4574A","F","PC","4574A"
"236","M_PC_273AB","M","PC","273AB"
"237","M_PC_6025A","M","PC","6025A"
"238","M_HN_655B","M","HN","655B"
"239","F_PC_537A2","F","PC","537A2"
"240","F_PC_529","F","PC","529"
"241","F_PC_45738","F","PC","45738"
"242","M_PC_555","M","PC","555"
"243","F_PC_422","F","PC","422"
"244","F_PC_4571","F","PC","4571"
"245","M_BP_4060","M","BP","4060"
"246","F_PC_487B1A","F","PC","487B1A"
"247","M_PC_647E","M","PC","647E"
"248","F_PC_2439A","F","PC","2439A"
"249","F_PC_460B","F","PC","460B"
"250","Other_PC_3455A4","Other","PC","3455A4"
"251","F_PC_69","F","PC","69"
"252","F_PC_470B","F","PC","470B"
"253","F_PC_30605A","F","PC","30605A"
"254","F_PC_25400C6","F","PC","25400C6"
"255","F_PC_290011C","F","PC","290011C"
"256","M_PC_243C1","M","PC","243C1"
"257","M_PC_2432A","M","PC","2432A"
"258","M_PC_22810E3","M","PC","22810E3"
"259","F_PC_597A","F","PC","597A"
"260","M_PC_1483A","M","PC","1483A"
"261","M_PC_488","M","PC","488"
"262","F_HS_11359C","F","HS","11359C"
"263","F_PC_22810G1","F","PC","22810G1"
"264","M_VC_10851A","M","VC","10851A"
"265","F_PC_32310A","F","PC","32310A"
"266","F_PC_594A1","F","PC","594A1"
"267","M_VC_28001A","M","VC","28001A"
"268","F_HS_113796A","F","HS","113796A"
"269","M_HS_12671","M","HS","12671"
"270","M_PC_6021B","M","PC","6021B"
"271","F_PC_245C","F","PC","245C"
"272","F_VC_23152B","F","VC","23152B"
"273","F_PC_31111A","F","PC","31111A"
"274","F_PC_245A4","F","PC","245A4"
"275","F_PC_22010","F","PC","22010"
"276","F_PC_496A","F","PC","496A"
"277","M_PC_5305C1","M","PC","5305C1"
"278","M_PC_24325","M","PC","24325"
"279","F_PC_45736A","F","PC","45736A"
"280","F_HS_11351A","F","HS","11351A"
"281","F_HS_11353","F","HS","11353"
"282","F_PC_273DA","F","PC","273DA"
"283","F_PC_182A1","F","PC","182A1"
"284","M_PC_4904A1","M","PC","4904A1"
"285","M_PC_594B2A","M","PC","594B2A"
"286","F_PC_476","F","PC","476"
"287","M_PC_240","M","PC","240"
"288","M_PC_496","M","PC","496"
"289","M_PC_602T1","M","PC","602T1"
"290","M_VC_31","M","VC","31"
"291","F_PC_290B290018B","F","PC","290B290018B"
"292","F_PC_484A666","F","PC","484A666"
"293","F_VC_23550A","F","VC","23550A"
"294","M_PC_22900","M","PC","22900"
"295","F_PC_2433","F","PC","2433"
"296","F_PC_484IC","F","PC","484IC"
"297","F_PC_290012C","F","PC","290012C"
"298","F_PC_244","F","PC","244"
"299","M_VC_23152B","M","VC","23152B"
"300","F_PC_451","F","PC","451"
"301","F_PC_470","F","PC","470"
"302","M_PC_30305A1","M","PC","30305A1"
"303","F_VC_23110B","F","VC","23110B"
"304","M_HS_12677","M","HS","12677"
"305","F_HS_11352B","F","HS","11352B"
"306","M_PC_4174","M","PC","4174"
"307","F_PC_2463A","F","PC","2463A"
"308","F_PC_273DA","F","PC","273DA"
"309","F_PC_245A2","F","PC","245A2"
"310","M_PC_273DA","M","PC","273DA"
"311","M_PC_241C","M","PC","241C"
"312","F_PC_30600A","F","PC","30600A"
"313","F_PC_207A","F","PC","207A"
"314","M_HS_11359B","M","HS","11359B"
"315","F_PC_266HA","F","PC","266HA"
"316","M_PC_182A1","M","PC","182A1"
"317","M_PC_368B1","M","PC","368B1"
"318","F_PC_45736","F","PC","45736"
"319","F_HS_11352B","F","HS","11352B"
"320","M_PC_415","M","PC","415"
"321","M_PC_647H","M","PC","647H"
"322","M_PC_1485A","M","PC","1485A"
"323","F_PC_475A","F","PC","475A"
"324","F_VC_4463A","F","VC","4463A"
"325","M_PC_1485B","M","PC","1485B"
"326","F_HS_113665A","F","HS","113665A"
"327","F_PC_487D1","F","PC","487D1"
"328","F_BP_70273","F","BP","70273"
"329","F_PC_22410","F","PC","22410"
"330","M_HS_11364","M","HS","11364"
"331","F_PC_2445B","F","PC","2445B"
"332","M_PC_273AB","M","PC","273AB"
"333","M_PC_1484A1","M","PC","1484A1"
"334","M_PC_6025B","M","PC","6025B"
"335","M_VC_44625","M","VC","44625"
"336","M_PC_273A","M","PC","273A"
"337","M_HS_11358C","M","HS","11358C"
"338","F_VC_231091","F","VC","231091"
"339","M_PC_2463A","M","PC","2463A"
"340","M_PC_14822","M","PC","14822"
"341","M_PC_463C","M","PC","463C"
"342","F_PC_29800A1","F","PC","29800A1"
"343","F_PC_471","F","PC","471"
"344","F_PC_18622D","F","PC","18622D"
"345","F_HS_11352A","F","HS","11352A"
"346","I_PC_484A","I","PC","484A"
"347","F_PC_529A3","F","PC","529A3"
"348","M_BP_224352A","M","BP","224352A"
"349","M_PC_273D","M","PC","273D"
"350","M_PC_22610A","M","PC","22610A"
"351","F_PC_25850A","F","PC","25850A"
"352","F_PC_18710A","F","PC","18710A"
"353","M_PC_21310","M","PC","21310"
"354","M_VC_23247A","M","VC","23247A"
"355","F_PC_503","F","PC","503"
"356","M_PC_21510A","M","PC","21510A"
"357","F_PC_243C2","F","PC","243C2"
"358","F_PC_182A1","F","PC","182A1"
"359","M_VC_2800A","M","VC","2800A"
"360","M_PC_290011290018G","M","PC","290011290018G"
"361","F_PC_25850C2","F","PC","25850C2"
"362","M_PC_485","M","PC","485"
"363","F_PC_273AA","F","PC","273AA"
"364","F_PC_496","F","PC","496"
"365","M_PC_25850C6","M","PC","25850C6"
"366","F_PC_203","F","PC","203"
"367","F_PC_496D","F","PC","496D"
"368","M_PC_4595","M","PC","4595"
"369","M_PC_2735A","M","PC","2735A"
"370","I_VC_16028A","I","VC","16028A"
"371","F_VC_10851E","F","VC","10851E"
"372","F_PC_496A","F","PC","496A"
"373","F_PC_594B1","F","PC","594B1"
"374","M_PC_21810","M","PC","21810"
"375","F_VC_4463","F","VC","4463"
"376","M_PC_415A","M","PC","415A"
"377","F_VC_4463A1","F","VC","4463A1"
"378","F_HS_11359","F","HS","11359"
"379","M_VC_23152A","M","VC","23152A"
"380","M_PC_417A2","M","PC","417A2"
"381","M_PC_240242","M","PC","240242"
"382","F_PC_488666","F","PC","488666"
"383","F_PC_32310","F","PC","32310"
"384","F_PC_290018B","F","PC","290018B"
"385","M_PC_417A2","M","PC","417A2"
"386","M_PC_487A","M","PC","487A"
"387","M_PC_5305A","M","PC","5305A"
"388","F_VC_20001A","F","VC","20001A"
"389","F_PC_484IB","F","PC","484IB"
"390","M_PC_417A2A","M","PC","417A2A"
"391","F_PC_67","F","PC","67"
"392","F_PC_236","F","PC","236"
"393","M_PC_4226A","M","PC","4226A"
"394","F_PC_21810","F","PC","21810"
"395","F_PC_529A3","F","PC","529A3"
"396","F_PC_29815A","F","PC","29815A"
"397","M_VC_146011A","M","VC","146011A"
"398","M_HS_11358C","M","HS","11358C"
"399","F_PC_211","F","PC","211"
"400","F_PC_454A2","F","PC","454A2"
"401","F_VC_20001A","F","VC","20001A"
"402","M_PC_368C","M","PC","368C"
"403","F_HS_12305","F","HS","12305"
"404","F_PC_114","F","PC","114"
"405","M_PC_6476A1","M","PC","6476A1"
"406","M_PC_664243B","M","PC","664243B"
"407","M_PC_2736B","M","PC","2736B"
"408","M_PC_602M","M","PC","602M"
"409","M_PC_290012A290018A","M","PC","290012A290018A"
"410","F_PC_45735","F","PC","45735"
"411","M_VC_4462B","M","VC","4462B"
"412","F_PC_273DA","F","PC","273DA"
"413","F_PC_300008C","F","PC","300008C"
"414","F_PC_33600","F","PC","33600"
"415","I_VC_12500A","I","VC","12500A"
"416","M_PC_273AB","M","PC","273AB"
"417","M_HS_11375B2","M","HS","11375B2"
"418","F_PC_3141","F","PC","3141"
"419","F_PC_3455B1","F","PC","3455B1"
"420","M_PC_2434E1","M","PC","2434E1"
"421","M_PC_484GA","M","PC","484GA"
"422","F_PC_484","F","PC","484"
"423","M_HS_113641","M","HS","113641"
"424","F_PC_484EA","F","PC","484EA"
"425","F_PC_32625B","F","PC","32625B"
"426","F_PC_25850C4","F","PC","25850C4"
"427","F_PC_33215","F","PC","33215"
"428","M_PC_484A4905","M","PC","484A4905"
"429","F_HS_11361A","F","HS","11361A"
"430","F_PC_12032","F","PC","12032"
"431","F_VC_28002","F","VC","28002"
"432","F_VC_10851","F","VC","10851"
"433","F_PC_148B","F","PC","148B"
"434","M_PC_368C","M","PC","368C"
"435","F_PC_5944A","F","PC","5944A"
"436","F_VC_20001A","F","VC","20001A"
"437","M_HN_655C","M","HN","655C"
"438","F_PC_508","F","PC","508"
"439","F_PC_118A","F","PC","118A"
"440","F_PC_33210","F","PC","33210"
"441","M_PC_25100A","M","PC","25100A"
"442","M_PC_4902","M","PC","4902"
"443","F_PC_290012A290018B","F","PC","290012A290018B"
"444","M_PC_369IA","M","PC","369IA"
"445","M_PC_22210","M","PC","22210"
"446","F_PC_3141","F","PC","3141"
"447","M_PC_69","M","PC","69"
"448","F_PC_368D","F","PC","368D"
"449","F_PC_148D","F","PC","148D"
"450","F_HS_12700B3","F","HS","12700B3"
"451","M_PC_498B","M","PC","498B"
"452","M_PC_25400C6","M","PC","25400C6"
"453","F_PC_69A","F","PC","69A"
"454","M_VC_23152G","M","VC","23152G"
"455","F_PC_31360A","F","PC","31360A"
"456","M_PC_594B1","M","PC","594B1"
"457","F_PC_236","F","PC","236"
"458","F_PC_664487A","F","PC","664487A"
"459","M_PC_1664","M","PC","1664"
"460","F_PC_4502A","F","PC","4502A"
"461","F_PC_134","F","PC","134"
"462","F_PC_472","F","PC","472"
"463","M_PC_594A1","M","PC","594A1"
"464","M_VC_23103B","M","VC","23103B"
"465","M_VC_146015A","M","VC","146015A"
"466","M_PC_1715C12","M","PC","1715C12"
"467","M_HS_11359B","M","HS","11359B"
"468","M_PC_62610I","M","PC","62610I"
"469","F_PC_18610A","F","PC","18610A"
"470","M_PC_647B1","M","PC","647B1"
"471","M_PC_653XA","M","PC","653XA"
"472","M_VC_28002A","M","VC","28002A"
"473","F_VC_28002","F","VC","28002"
"474","F_PC_451D","F","PC","451D"
"475","M_VC_10852","M","VC","10852"
"476","M_VC_23152F","M","VC","23152F"
"477","M_PC_647A","M","PC","647A"
"478","F_PC_550B2","F","PC","550B2"
"479","F_PC_460A","F","PC","460A"
"480","F_PC_6469A","F","PC","6469A"
"481","F_PC_532A","F","PC","532A"
"482","M_PC_27365B","M","PC","27365B"
"483","M_PC_29001","M","PC","29001"
"484","M_PC_290B","M","PC","290B"
"485","M_PC_1485C","M","PC","1485C"
"486","F_PC_5305","F","PC","5305"
"487","M_PC_594B1","M","PC","594B1"
"488","F_PC_289A1","F","PC","289A1"
"489","F_PC_664459","F","PC","664459"
"490","F_PC_463A","F","PC","463A"
"491","F_HS_113835B1","F","HS","113835B1"
"492","M_VC_12500A","M","VC","12500A"
"493","F_PC_6269B","F","PC","6269B"
"494","F_PC_524","F","PC","524"
"495","F_PC_4173","F","PC","4173"
"496","F_VC_23152B","F","VC","23152B"
"497","F_PC_22910A","F","PC","22910A"
"498","F_PC_273D","F","PC","273D"
"499","F_VC_23153A","F","VC","23153A"
"500","M_VC_12500A","M","VC","12500A"
"501","F_PC_290013","F","PC","290013"
"502","F_PC_290015","F","PC","290015"
"503","F_HN_655F","F","HN","655F"
"504","F_PC_451B","F","PC","451B"
"505","M_PC_417A2","M","PC","417A2"
"506","F_VC_10803A","F","VC","10803A"
"507","F_HS_11550E","F","HS","11550E"
"508","F_PC_597B","F","PC","597B"
"509","M_PC_148D","M","PC","148D"
"510","F_HS_11368","F","HS","11368"
"511","F_PC_664532A","F","PC","664532A"
"512","F_PC_4532B1","F","PC","4532B1"
"513","M_PC_409","M","PC","409"
"514","M_PC_22810G1","M","PC","22810G1"
"515","M_VC_20002","M","VC","20002"
"516","F_PC_215A","F","PC","215A"
"517","F_PC_484A","F","PC","484A"
"518","F_HS_11352A","F","HS","11352A"
"519","F_PC_594A","F","PC","594A"
"520","M_PC_243E1","M","PC","243E1"
"521","M_PC_594B4","M","PC","594B4"
"522","F_PC_399B","F","PC","399B"
"523","M_HS_120275","M","HS","120275"
"524","F_PC_12032","F","PC","12032"
"525","F_HS_11350","F","HS","11350"
"526","M_VC_10853","M","VC","10853"
"527","F_PC_29825A","F","PC","29825A"
"528","M_PC_472","M","PC","472"
"529","F_PC_1481C","F","PC","1481C"
"530","M_PC_17500","M","PC","17500"
"531","F_PC_25400C6B","F","PC","25400C6B"
"532","M_PC_243D","M","PC","243D"
"533","M_PC_587C","M","PC","587C"
"534","F_PC_290018G","F","PC","290018G"
"535","F_PC_484FA","F","PC","484FA"
"536","M_PC_236","M","PC","236"
"537","M_VC_20001A","M","VC","20001A"
"538","F_PC_12020A","F","PC","12020A"
"539","M_PC_594A2","M","PC","594A2"
"540","M_VC_23152B","M","VC","23152B"
"541","M_PC_290011","M","PC","290011"
"542","M_PC_273AA","M","PC","273AA"
"543","M_PC_1489","M","PC","1489"
"544","M_PC_1489B","M","PC","1489B"
